{
  "version": "3.72.29699.0",
  "course_id": "65qhWiKeO1q",
  "title": "Untitled1",
  "thumbnail": "story_content/thumbnail.jpg",
  "scenes": [
    {
      "title": "Untitled Scene"
    }
  ],
  "slides": [
    {
      "id": "5vGmri2ZsS2",
      "title": "Introduction",
      "scene_index": "1.1"
    },
    {
      "id": "5npUd1oVs8b",
      "title": "Question 1 ",
      "scene_index": "1.2"
    },
    {
      "id": "6MzkZ1TJwHc",
      "title": "Question 2 ",
      "scene_index": "1.3"
    },
    {
      "id": "6VNBDpcyNdZ",
      "title": "Question 3 ",
      "scene_index": "1.4"
    },
    {
      "id": "6Nd2HvSj1TC",
      "title": "Question 4 ",
      "scene_index": "1.5"
    },
    {
      "id": "5ofh3tFGxSK",
      "title": "Question 5 ",
      "scene_index": "1.6"
    },
    {
      "id": "6pnkGKCf2VS",
      "title": "Results",
      "scene_index": "1.7"
    }
  ],
  "player": {
    "name": "unified",
    "width": 980,
    "height": 658
  },
  "stage": {
    "width": 720,
    "height": 540
  }
}